fold,variant,images,original_tp,original_fp,original_fn,original_f1,original_ap50_iou,original_negative_specificity,point_found,point_recall,decoy_hits,decoy_hit_rate,decoy_f1,roi_f1
1,control,430,757,40,5,0.9711353431686979,0.9851473262031407,1.0,107,0.24883720930232558,19,0.044186046511627906,0.9528005034612964,0.43922369765066394
1,point,430,759,73,3,0.9523212045169386,0.9825921655006622,1.0,353,0.8209302325581396,43,0.1,0.9183303085299456,0.8683068017366136
1,decoy,430,757,33,5,0.9755154639175259,0.9863954045209061,1.0,92,0.21395348837209302,2,0.004651162790697674,0.9742599742599743,0.43647540983606553
1,roi,430,753,61,9,0.9555837563451777,0.9824417112886231,1.0,130,0.3023255813953488,43,0.1,0.9131754705525198,0.7651979921918572
2,control,433,732,82,18,0.9360613810741688,0.9748506747279198,1.0,100,0.23094688221709006,36,0.08314087759815242,0.8921389396709324,0.21698113207547168
2,point,433,740,66,10,0.9511568123393316,0.9717726491042776,1.0,286,0.6605080831408776,84,0.19399538106235567,0.8556581986143188,0.527643064985451
2,decoy,433,731,83,19,0.9347826086956522,0.9696064407758209,1.0,93,0.21478060046189376,7,0.016166281755196306,0.924731182795699,0.21327014218009477
2,roi,433,715,83,35,0.9237726098191216,0.9701698436606098,1.0,59,0.13625866050808313,21,0.04849884526558892,0.8994974874371859,0.4560327198364007
3,control,429,720,38,42,0.9473684210526315,0.9711216523825683,0.9444444444444444,69,0.16083916083916083,69,0.16083916083916083,0.8744693753790176,0.38085539714867617
3,point,429,724,34,38,0.9526315789473684,0.9719753717168363,0.9444444444444444,242,0.5641025641025641,168,0.3916083916083916,0.7921225382932167,0.6545454545454545
3,decoy,429,721,37,41,0.9486842105263158,0.9711200852798795,0.9444444444444444,61,0.14219114219114218,25,0.05827505827505827,0.9215060625398851,0.3506224066390041
3,roi,429,720,90,42,0.916030534351145,0.963848516083854,0.9444444444444444,75,0.17482517482517482,60,0.13986013986013987,0.8638272345530894,0.5489478499542544
4,control,432,759,23,3,0.9831606217616581,0.9829287336352666,1.0,77,0.17824074074074073,34,0.0787037037037037,0.9565217391304349,0.06683804627249357
4,point,432,759,42,3,0.9712092130518234,0.9811910563497417,1.0,356,0.8240740740740741,98,0.22685185185185186,0.8846153846153846,0.7906614785992219
4,decoy,432,759,22,3,0.9837977965003241,0.9829820265490902,1.0,67,0.1550925925925926,14,0.032407407407407406,0.9743260590500643,0.044270833333333336
4,roi,432,756,51,6,0.9636711281070746,0.9836599519345335,1.0,96,0.2222222222222222,40,0.09259259259259259,0.9259032455603184,0.6993548387096774
5,control,433,720,12,23,0.976271186440678,0.9914922088766792,1.0,84,0.19399538106235567,25,0.057736720554272515,0.94543063773833,0.32657657657657657
5,point,433,729,171,14,0.8874010955569082,0.9651766362784374,0.0,299,0.6905311778290993,98,0.22632794457274827,0.8030803080308031,0.7612903225806453
5,decoy,433,721,9,22,0.9789545145960624,0.991716442982182,1.0,79,0.18244803695150116,8,0.018475750577367205,0.9711215580926796,0.24292452830188677
5,roi,433,705,72,38,0.9276315789473684,0.9747341599936877,1.0,46,0.10623556581986143,26,0.06004618937644342,0.8985322271857051,0.599078341013825
