0,1,0.5403,25
0,1,0.7451,20
0,2,0.5493,43
0,3,0.3921,66
0,4,0.4661,93
0,5,0.1910,113
0,6,0.4851,135
0,7,0.6048,160
0,8,0.5126,185
0,9,0.0063,205
0,10,0.4635,226
0,11,0.3387,246
0,12,0.0205,269
0,13,0.0517,291
0,14,0.4395,313
0,15,0.0263,333
0,16,0.5260,353
0,17,0.5609,379
0,18,0.4531,399
0,19,0.0093,421
0,20,0.3477,439
0,21,0.0043,463
0,22,0.3439,485
0,23,0.2718,509
0,24,0.0005,529
0,25,0.2277,547
0,26,0.3740,573
0,27,0.3494,594
0,28,0.4005,612
0,29,0.3729,633
0,30,0.4289,656
0,31,0.4256,674
0,32,0.2746,698
0,33,0.3571,724
0,34,0.3655,741
0,35,0.2366,760
0,36,0.0152,783
0,37,0.3401,800
0,38,0.3260,822
0,39,0.3656,847
0,40,0.0095,864
0,41,0.2378,881
0,42,0.3107,902
0,43,0.2231,918
0,44,0.4167,940
0,45,0.3877,961
0,46,0.3715,980
0,47,0.3001,1003
0,48,0.3182,1022
0,49,0.2598,1041
0,50,0.4325,1064
0,51,0.2167,1086
0,52,0.2548,1113
0,53,0.2427,1137
0,54,0.0000,1158
0,55,0.2115,1177
0,56,0.1975,1197
0,57,0.4343,1216
0,58,0.3172,1235
0,59,0.3030,1257
0,60,0.2211,1282
0,61,0.0000,1304
0,62,0.0001,1326
0,63,0.4553,1348
0,64,0.0000,1366
0,65,0.0000,1391
0,66,0.3021,1408
0,67,0.0000,1425
0,68,0.0000,1443
0,69,0.2577,1462
0,70,0.2677,1480
0,71,0.3738,1499
0,72,3.0001,1523
0,73,0.2581,1544
0,74,0.2459,1563
0,75,0.0138,1586
0,76,0.3438,1605
0,77,0.0361,1623
0,78,0.2751,1642
0,79,0.1892,1659
0,80,0.0003,1676
0,81,0.3702,1697
0,82,0.2706,1718
0,83,0.3009,1737
0,84,0.2723,1756
0,85,0.0001,1773
0,86,0.5024,1801
0,87,0.2388,1825
0,88,0.2602,1840
0,89,0.1798,1864
0,90,0.0026,1886
0,91,0.3202,1904
0,92,0.1798,1923
0,93,0.0038,1946
0,94,0.0034,1971
0,95,0.3280,1990
0,96,0.2939,2008
0,97,0.2655,2023
0,98,0.0011,2044
0,99,0.0003,2061
0,100,0.3132,2085
0,101,0.2251,2107
0,102,0.0001,2121
0,103,0.2096,2140
0,104,0.2130,2157
0,105,0.3507,2174
0,106,0.2885,2195
0,107,0.2569,2217
0,108,0.2477,2237
0,109,0.2151,2253
0,110,0.2079,2274
0,111,0.3212,2295
0,112,0.4113,2317
0,113,0.2482,2340
0,114,0.0305,2357
0,115,0.3775,2380
0,116,0.4267,2398
0,117,0.2965,2421
0,118,0.2516,2438
0,119,0.2479,2461
0,120,0.2263,2484
0,121,0.2601,2500
0,122,0.1832,2519
0,123,0.3179,2540
0,124,0.2922,2562
0,125,0.1886,2581
0,126,0.2524,2600
0,127,0.3159,2621
0,128,0.3251,2639
0,129,0.2347,2658
0,130,0.0000,2677
0,131,0.2881,2697
0,132,0.2005,2716
0,133,0.1691,2737
0,134,0.2891,2754
0,135,0.2811,2773
0,136,0.2691,2791
0,137,0.2964,2811
0,138,0.0001,2831
0,139,0.2712,2849
0,140,0.2790,2868
0,141,0.0001,2888
0,142,0.2516,2906
0,143,0.2211,2933
0,144,0.0002,2955
0,145,0.4343,2982
0,146,0.0003,3003
0,147,0.1811,3026
0,148,0.2893,3048
0,149,0.3108,3068
0,150,0.3939,3088
0,151,0.0007,3106
0,152,0.0140,3129
0,153,0.2727,3150
0,154,0.2789,3174
0,155,0.2671,3197
0,156,0.1833,3212
0,157,0.2597,3235
0,158,0.2563,3254
0,159,0.0002,3277
0,160,0.0005,3298
0,161,0.3194,3317
0,162,0.0002,3335
1,163,0.2224,3366
1,164,0.3970,3389
1,165,0.1892,3403
1,166,0.2342,3426
1,167,0.2327,3445
1,168,0.0002,3462
1,169,0.2851,3482
1,170,0.3057,3498
1,171,0.2253,3518
1,172,0.0001,3543
1,173,0.1568,3560
1,174,0.1908,3579
1,175,0.3115,3601
1,176,0.2676,3621
1,177,0.3657,3641
1,178,0.3631,3666
1,179,0.1723,3689
1,180,0.2752,3710
1,181,0.2974,3735
1,182,0.2242,3759
1,183,0.2367,3781
1,184,0.0004,3800
1,185,0.1746,3821
1,186,0.2699,3842
1,187,0.1297,3859
1,188,0.1439,3878
1,189,0.3101,3904
1,190,0.2746,3935
1,191,0.2741,3966
1,192,0.1577,3985
1,193,0.0001,4008
1,194,0.0002,4030
1,195,0.2600,4048
1,196,0.0001,4064
1,197,0.0000,4080
1,198,0.3058,4102
1,199,0.0001,4120
1,200,0.2366,4139
1,201,0.1723,4157
1,202,0.0001,4173
1,203,0.3516,4198
1,204,0.1250,4217
1,205,0.2042,4237
1,206,0.2498,4255
1,207,0.1696,4269
1,208,0.4188,4294
1,209,0.2365,4314
1,210,0.2851,4333
1,211,0.2903,4351
1,212,0.3456,4370
1,213,0.2358,4396
1,214,0.1532,4415
1,215,0.2139,4434
1,216,0.3153,4455
1,217,0.3297,4476
1,218,0.2097,4494
1,219,0.1892,4520
1,220,0.2150,4536
1,221,0.2635,4561
1,222,0.3152,4578
1,223,0.2470,4604
1,224,0.1719,4623
1,225,0.2701,4643
1,226,0.0000,4660
1,227,0.3040,4676
1,228,0.2195,4695
1,229,0.2166,4719
1,230,0.0001,4740
1,231,0.2291,4764
1,232,0.2378,4788
1,233,0.3002,4814
1,234,0.0001,4832
1,235,0.1987,4850
1,236,0.1615,4866
1,237,0.1057,4883
1,238,0.3482,4903
1,239,0.1882,4929
1,240,0.2820,4951
1,241,0.2480,4967
1,242,0.1211,4983
1,243,0.2519,5005
1,244,0.1497,5024
1,245,0.1861,5043
1,246,0.2123,5060
1,247,0.2413,5078
1,248,0.1881,5102
1,249,0.3731,5125
1,250,0.1920,5148
1,251,0.0001,5163
1,252,0.3139,5188
1,253,0.2472,5207
1,254,0.0000,5226
1,255,0.3310,5247
1,256,0.2031,5266
1,257,0.2371,5289
1,258,0.2567,5311
1,259,0.1214,5332
1,260,0.2204,5349
1,261,0.2081,5371
1,262,0.2331,5394
1,263,0.3947,5409
1,264,0.1487,5434
1,265,0.1857,5455
1,266,0.1176,5480
1,267,0.2493,5505
1,268,0.2043,5531
1,269,0.2198,5553
1,270,0.2256,5576
1,271,0.1834,5596
1,272,0.0001,5611
1,273,0.0001,5641
1,274,0.2589,5663
1,275,0.0001,5685
1,276,0.2104,5714
1,277,0.0001,5733
1,278,0.3391,5753
1,279,0.0001,5770
1,280,0.1991,5794
1,281,0.1614,5813
1,282,0.2568,5833
1,283,0.1839,5856
1,284,0.2042,5873
1,285,0.1958,5890
1,286,0.3051,5912
1,287,0.2267,5937
1,288,0.1772,5962
1,289,0.3581,5981
1,290,0.2226,6001
1,291,0.2521,6023
1,292,0.3192,6041
1,293,0.2582,6060
1,294,0.1632,6086
1,295,0.2316,6106
1,296,0.1875,6126
1,297,0.3496,6145
1,298,0.2473,6159
1,299,0.2093,6177
1,300,0.0001,6199
1,301,0.0001,6216
1,302,0.2130,6238
1,303,0.2141,6256
1,304,0.2465,6284
1,305,0.0014,6312
1,306,0.1634,6330
1,307,0.0001,6351
1,308,0.2105,6374
1,309,0.2440,6394
1,310,0.1488,6418
1,311,0.2286,6442
1,312,0.4644,6472
1,313,0.2174,6487
1,314,0.0001,6509
1,315,0.0991,6533
1,316,0.2847,6553
1,317,0.4147,6572
1,318,0.0001,6594
1,319,0.2261,6615
1,320,0.2759,6635
1,321,0.0002,6660
1,322,0.3630,6688
1,323,0.2035,6715
1,324,0.1958,6736
