epoch,step,train/cardinality_error,train/cardinality_error_0,train/cardinality_error_1,train/cardinality_error_enc,train/class_error,train/loss,train/loss_bbox,train/loss_bbox_aux,train/loss_ce,train/loss_ce_aux,train/loss_giou,train/loss_giou_aux,train/lr,train/lr_max,train/lr_min,val/F1,val/ema_mAP_50,val/ema_mAP_50_95,val/ema_mAP_75,val/ema_mAR,val/mAP_50,val/mAP_50_95,val/mAP_75,val/mAR,val/precision,val/recall
0,49,,,,,,,,,,,,,9.999999747378752e-05,9.999999747378752e-05,3.232564267818816e-06,,,,,,,,,,,
0,99,,,,,,,,,,,,,9.999999747378752e-05,9.999999747378752e-05,3.232564267818816e-06,,,,,,,,,,,
0,138,,,,,,,,,,,,,,,,0.868852436542511,0.8312784433364868,0.28625568747520447,0.06993512064218521,0.4415300488471985,0.8312784433364868,0.28625568747520447,0.06993512064218521,0.4415300488471985,0.868852436542511,0.868852436542511
0,138,15.624100685119629,12.67401123046875,14.868704795837402,10.976168632507324,13.104313850402832,5.667665958404541,0.017098920419812202,0.06292281299829483,0.6730182766914368,2.2180495262145996,0.2945978045463562,0.8936465978622437,,,,,,,,,,,,,,
1,149,,,,,,,,,,,,,9.999999747378752e-05,9.999999747378752e-05,3.232564267818816e-06,,,,,,,,,,,
1,199,,,,,,,,,,,,,9.999999747378752e-05,9.999999747378752e-05,3.232564267818816e-06,,,,,,,,,,,
1,249,,,,,,,,,,,,,9.999999747378752e-05,9.999999747378752e-05,3.232564267818816e-06,,,,,,,,,,,
1,277,,,,,,,,,,,,,,,,0.9209809303283691,0.9041754007339478,0.343718558549881,0.10250920057296753,0.4923497140407562,0.9041754007339478,0.343718558549881,0.10250920057296753,0.4923497140407562,0.91847825050354,0.9234972596168518
1,277,21.316097259521484,20.81969451904297,21.22931671142578,20.794513702392578,0.044963739812374115,4.285909652709961,0.008658609353005886,0.026452334597706795,0.5429840683937073,1.6777766942977905,0.2338268905878067,0.710970938205719,,,,,,,,,,,,,,
2,299,,,,,,,,,,,,,9.999999747378752e-05,9.999999747378752e-05,3.232564267818816e-06,,,,,,,,,,,
2,349,,,,,,,,,,,,,9.999999747378752e-05,9.999999747378752e-05,3.232564267818816e-06,,,,,,,,,,,
2,399,,,,,,,,,,,,,9.999999747378752e-05,9.999999747378752e-05,3.232564267818816e-06,,,,,,,,,,,
2,416,,,,,,,,,,,,,,,,0.9046321511268616,0.8910712599754333,0.3639783263206482,0.1652466207742691,0.5300546288490295,0.8910712599754333,0.3639783263206482,0.1652466207742691,0.5300546288490295,0.9021739363670349,0.9071038365364075
2,416,21.265737533569336,20.980215072631836,21.23516273498535,20.959083557128906,-4.391018535443436e-07,3.953273057937622,0.007760867942124605,0.023793799802660942,0.5114849805831909,1.5804903507232666,0.20982332527637482,0.6419410705566406,,,,,,,,,,,,,,
3,449,,,,,,,,,,,,,9.999999747378752e-05,9.999999747378752e-05,3.232564267818816e-06,,,,,,,,,,,
3,499,,,,,,,,,,,,,9.999999747378752e-05,9.999999747378752e-05,3.232564267818816e-06,,,,,,,,,,,
3,549,,,,,,,,,,,,,9.999999747378752e-05,9.999999747378752e-05,3.232564267818816e-06,,,,,,,,,,,
3,555,,,,,,,,,,,,,,,,0.9289617538452148,0.9113137722015381,0.37733718752861023,0.18394941091537476,0.5469945073127747,0.9113137722015381,0.37733718752861023,0.18394941091537476,0.5469945073127747,0.9289617538452148,0.9289617538452148
3,555,21.29901123046875,21.242355346679688,21.28866958618164,21.013038635253906,-4.802676585313748e-07,3.782064199447632,0.0072388178668916225,0.022510481998324394,0.4945949912071228,1.5201361179351807,0.19755417108535767,0.6117382049560547,,,,,,,,,,,,,,
4,599,,,,,,,,,,,,,9.999999747378752e-05,9.999999747378752e-05,3.232564267818816e-06,,,,,,,,,,,
4,649,,,,,,,,,,,,,9.999999747378752e-05,9.999999747378752e-05,3.232564267818816e-06,,,,,,,,,,,
4,694,,,,,,,,,,,,,,,,0.9318801164627075,0.9151766300201416,0.3758135735988617,0.17148949205875397,0.5437158346176147,0.9151766300201416,0.3758135735988617,0.17148949205875397,0.5437158346176147,0.929347813129425,0.9344262480735779
4,694,21.2486515045166,21.19784164428711,21.2243709564209,21.119604110717773,-4.391018535443436e-07,3.6203885078430176,0.006927676033228636,0.021404022350907326,0.477349191904068,1.4690481424331665,0.1872788667678833,0.578886866569519,,,,,,,,,,,,,,
5,699,,,,,,,,,,,,,9.999999747378752e-05,9.999999747378752e-05,3.232564267818816e-06,,,,,,,,,,,
5,749,,,,,,,,,,,,,9.999999747378752e-05,9.999999747378752e-05,3.232564267818816e-06,,,,,,,,,,,
5,799,,,,,,,,,,,,,9.999999747378752e-05,9.999999747378752e-05,3.232564267818816e-06,,,,,,,,,,,
5,833,,,,,,,,,,,,,,,,0.9482288956642151,0.9325048327445984,0.3840366005897522,0.1792442351579666,0.5349726676940918,0.9325048327445984,0.3840366005897522,0.1792442351579666,0.5349726676940918,0.945652186870575,0.9508196711540222
5,833,21.393884658813477,21.339927673339844,21.347122192382812,21.312049865722656,-3.1560443858325016e-07,3.5155835151672363,0.006627335678786039,0.020394518971443176,0.46902236342430115,1.4357223510742188,0.18115046620368958,0.5567150115966797,,,,,,,,,,,,,,
6,849,,,,,,,,,,,,,9.999999747378752e-05,9.999999747378752e-05,3.232564267818816e-06,,,,,,,,,,,
6,899,,,,,,,,,,,,,9.999999747378752e-05,9.999999747378752e-05,3.232564267818816e-06,,,,,,,,,,,
6,949,,,,,,,,,,,,,9.999999747378752e-05,9.999999747378752e-05,3.232564267818816e-06,,,,,,,,,,,
6,972,,,,,,,,,,,,,,,,0.9482288956642151,0.9383662939071655,0.39328235387802124,0.2024763524532318,0.5502732396125793,0.9383662939071655,0.39328235387802124,0.2024763524532318,0.5502732396125793,0.945652186870575,0.9508196711540222
6,972,21.222122192382812,21.19964027404785,21.19784164428711,20.914567947387695,-3.8421410408773227e-07,3.5109517574310303,0.0063918051309883595,0.020100701600313187,0.46156415343284607,1.4424501657485962,0.17838917672634125,0.5588488578796387,,,,,,,,,,,,,,
7,999,,,,,,,,,,,,,9.999999747378752e-05,9.999999747378752e-05,3.232564267818816e-06,,,,,,,,,,,
7,1049,,,,,,,,,,,,,9.999999747378752e-05,9.999999747378752e-05,3.232564267818816e-06,,,,,,,,,,,
7,1099,,,,,,,,,,,,,9.999999747378752e-05,9.999999747378752e-05,3.232564267818816e-06,,,,,,,,,,,
7,1111,,,,,,,,,,,,,,,,0.9562841653823853,0.9418777823448181,0.4026157855987549,0.20725293457508087,0.5551912784576416,0.9418777823448181,0.4026157855987549,0.20725293457508087,0.5551912784576416,0.9562841653823853,0.9562841653823853
7,1111,21.113758087158203,21.126798629760742,21.113309860229492,21.12050437927246,-3.4304832752241055e-07,3.41487193107605,0.006285815499722958,0.019483424723148346,0.45382633805274963,1.3973726034164429,0.17522738873958588,0.5421858429908752,,,,,,,,,,,,,,
8,1149,,,,,,,,,,,,,9.999999747378752e-05,9.999999747378752e-05,3.232564267818816e-06,,,,,,,,,,,
8,1199,,,,,,,,,,,,,9.999999747378752e-05,9.999999747378752e-05,3.232564267818816e-06,,,,,,,,,,,
8,1249,,,,,,,,,,,,,9.999999747378752e-05,9.999999747378752e-05,3.232564267818816e-06,,,,,,,,,,,
8,1250,,,,,,,,,,,,,,,,0.9508196711540222,0.944714367389679,0.4047553837299347,0.2120601087808609,0.5562841296195984,0.944714367389679,0.4047553837299347,0.2120601087808609,0.5562841296195984,0.9508196711540222,0.9508196711540222
8,1250,21.29631233215332,21.26933479309082,21.24550437927246,21.29766273498535,-3.018825225353794e-07,3.339867115020752,0.0061356439255177975,0.019128946587443352,0.44475626945495605,1.379783272743225,0.1686621904373169,0.5258399248123169,,,,,,,,,,,,,,
9,1299,,,,,,,,,,,,,9.999999747378752e-05,9.999999747378752e-05,3.232564267818816e-06,,,,,,,,,,,
9,1349,,,,,,,,,,,,,9.999999747378752e-05,9.999999747378752e-05,3.232564267818816e-06,,,,,,,,,,,
9,1389,,,,,,,,,,,,,,,,0.9508196711540222,0.9370412826538086,0.4036625027656555,0.21233676373958588,0.5704917907714844,0.9370412826538086,0.4036625027656555,0.21233676373958588,0.5704917907714844,0.9508196711540222,0.9508196711540222
9,1389,21.30620574951172,21.24550437927246,21.244604110717773,21.26348876953125,-4.116579646051832e-07,3.3982865810394287,0.006407477892935276,0.019822673872113228,0.45482781529426575,1.3941612243652344,0.1735730916261673,0.5355011224746704,,,,,,,,,,,,,,
10,1399,,,,,,,,,,,,,9.999999747378752e-05,9.999999747378752e-05,3.232564267818816e-06,,,,,,,,,,,
10,1449,,,,,,,,,,,,,9.999999747378752e-05,9.999999747378752e-05,3.232564267818816e-06,,,,,,,,,,,
10,1499,,,,,,,,,,,,,9.999999747378752e-05,9.999999747378752e-05,3.232564267818816e-06,,,,,,,,,,,
10,1528,,,,,,,,,,,,,,,,0.9562841653823853,0.944649875164032,0.4100141227245331,0.1988658607006073,0.5704917907714844,0.944649875164032,0.4100141227245331,0.1988658607006073,0.5704917907714844,0.9562841653823853,0.9562841653823853
10,1528,21.180755615234375,21.15152931213379,21.174461364746094,21.11600685119629,-3.704921880398615e-07,3.3764488697052,0.006215376779437065,0.019613882526755333,0.4469012916088104,1.3879449367523193,0.17072105407714844,0.5355063676834106,,,,,,,,,,,,,,
11,1549,,,,,,,,,,,,,9.999999747378752e-05,9.999999747378752e-05,3.232564267818816e-06,,,,,,,,,,,
11,1599,,,,,,,,,,,,,9.999999747378752e-05,9.999999747378752e-05,3.232564267818816e-06,,,,,,,,,,,
11,1649,,,,,,,,,,,,,9.999999747378752e-05,9.999999747378752e-05,3.232564267818816e-06,,,,,,,,,,,
11,1667,,,,,,,,,,,,,,,,0.9536784887313843,0.9417598247528076,0.4092470407485962,0.23971901834011078,0.5699453353881836,0.9417598247528076,0.4092470407485962,0.23971901834011078,0.5699453353881836,0.9510869383811951,0.9562841653823853
11,1667,21.18300437927246,21.14433479309082,21.145233154296875,21.201438903808594,-3.2932638305283035e-07,3.2359864711761475,0.005967968609184027,0.018467968329787254,0.43390193581581116,1.33555269241333,0.16421036422252655,0.5079656839370728,,,,,,,,,,,,,,
12,1699,,,,,,,,,,,,,9.999999747378752e-05,9.999999747378752e-05,3.232564267818816e-06,,,,,,,,,,,
12,1749,,,,,,,,,,,,,9.999999747378752e-05,9.999999747378752e-05,3.232564267818816e-06,,,,,,,,,,,
12,1799,,,,,,,,,,,,,9.999999747378752e-05,9.999999747378752e-05,3.232564267818816e-06,,,,,,,,,,,
12,1806,,,,,,,,,,,,,,,,0.9536784887313843,0.9398318529129028,0.4110105335712433,0.24591568112373352,0.5622950792312622,0.9398318529129028,0.4110105335712433,0.24591568112373352,0.5622950792312622,0.9510869383811951,0.9562841653823853
12,1806,21.18120574951172,21.19379425048828,21.172212600708008,21.275178909301758,-4.253799090747634e-07,3.148977041244507,0.005794360768049955,0.01791274920105934,0.424503356218338,1.3062289953231812,0.15894146263599396,0.4909123480319977,,,,,,,,,,,,,,
13,1849,,,,,,,,,,,,,9.999999747378752e-05,9.999999747378752e-05,3.232564267818816e-06,,,,,,,,,,,
13,1899,,,,,,,,,,,,,9.999999747378752e-05,9.999999747378752e-05,3.232564267818816e-06,,,,,,,,,,,
13,1945,,,,,,,,,,,,,,,,0.9536784887313843,0.9441417455673218,0.4150347411632538,0.24191030859947205,0.5644809007644653,0.9441417455673218,0.4150347411632538,0.24191030859947205,0.5644809007644653,0.9510869383811951,0.9562841653823853
13,1945,21.21402931213379,21.160072326660156,21.159622192382812,21.128597259521484,-3.567702435702813e-07,3.08949875831604,0.005592045374214649,0.01735391654074192,0.41652175784111023,1.2817686796188354,0.15561898052692413,0.48261913657188416,,,,,,,,,,,,,,
14,1949,,,,,,,,,,,,,9.999999747378752e-05,9.999999747378752e-05,3.232564267818816e-06,,,,,,,,,,,
14,1999,,,,,,,,,,,,,9.999999747378752e-05,9.999999747378752e-05,3.232564267818816e-06,,,,,,,,,,,
14,2049,,,,,,,,,,,,,9.999999747378752e-05,9.999999747378752e-05,3.232564267818816e-06,,,,,,,,,,,
14,2084,,,,,,,,,,,,,,,,0.9482288956642151,0.9401633739471436,0.41198065876960754,0.22845256328582764,0.5562841296195984,0.9401633739471436,0.41198065876960754,0.22845256328582764,0.5562841296195984,0.945652186870575,0.9508196711540222
14,2084,21.195592880249023,21.163219451904297,21.12949562072754,21.19334602355957,-4.6654571406179457e-07,3.083385705947876,0.005666108801960945,0.017522986978292465,0.4147286117076874,1.277482032775879,0.15559066832065582,0.4820246994495392,,,,,,,,,,,,,,
