epoch,step,train/cardinality_error,train/cardinality_error_0,train/cardinality_error_1,train/cardinality_error_enc,train/class_error,train/loss,train/loss_bbox,train/loss_bbox_aux,train/loss_ce,train/loss_ce_aux,train/loss_giou,train/loss_giou_aux,train/lr,train/lr_max,train/lr_min,val/F1,val/ema_mAP_50,val/ema_mAP_50_95,val/ema_mAP_75,val/ema_mAR,val/mAP_50,val/mAP_50_95,val/mAP_75,val/mAR,val/precision,val/recall
0,49,,,,,,,,,,,,,9.999999747378752e-05,9.999999747378752e-05,3.232564267818816e-06,,,,,,,,,,,
0,99,,,,,,,,,,,,,9.999999747378752e-05,9.999999747378752e-05,3.232564267818816e-06,,,,,,,,,,,
0,149,,,,,,,,,,,,,9.999999747378752e-05,9.999999747378752e-05,3.232564267818816e-06,,,,,,,,,,,
0,199,,,,,,,,,,,,,9.999999747378752e-05,9.999999747378752e-05,3.232564267818816e-06,,,,,,,,,,,
0,249,,,,,,,,,,,,,9.999999747378752e-05,9.999999747378752e-05,3.232564267818816e-06,,,,,,,,,,,
0,273,,,,,,,,,,,,,,,,0.9427793025970459,0.9196205735206604,0.3538917303085327,0.14013414084911346,0.520218551158905,0.9196205735206604,0.3538917303085327,0.14013414084911346,0.520218551158905,0.9402173757553101,0.9453551769256592
0,273,23.55063819885254,20.164234161376953,23.11131477355957,21.173585891723633,5.812885284423828,5.617001056671143,0.015254567377269268,0.051666371524333954,0.6524831056594849,2.0376932621002197,0.3222050368785858,0.9739070534706116,,,,,,,,,,,,,,
1,299,,,,,,,,,,,,,9.999999747378752e-05,9.999999747378752e-05,3.232564267818816e-06,,,,,,,,,,,
1,349,,,,,,,,,,,,,9.999999747378752e-05,9.999999747378752e-05,3.232564267818816e-06,,,,,,,,,,,
1,399,,,,,,,,,,,,,9.999999747378752e-05,9.999999747378752e-05,3.232564267818816e-06,,,,,,,,,,,
1,449,,,,,,,,,,,,,9.999999747378752e-05,9.999999747378752e-05,3.232564267818816e-06,,,,,,,,,,,
1,499,,,,,,,,,,,,,9.999999747378752e-05,9.999999747378752e-05,3.232564267818816e-06,,,,,,,,,,,
1,547,,,,,,,,,,,,,,,,0.9427793025970459,0.9255756735801697,0.389832079410553,0.1909840703010559,0.5251365900039673,0.9255756735801697,0.389832079410553,0.1909840703010559,0.5251365900039673,0.9402173757553101,0.9453551769256592
1,547,27.797216415405273,26.509580612182617,27.6961669921875,27.339872360229492,0.004510615020990372,4.767008304595947,0.010480845347046852,0.03178277984261513,0.5803906917572021,1.7787114381790161,0.27255570888519287,0.8257381916046143,,,,,,,,,,,,,,
2,549,,,,,,,,,,,,,9.999999747378752e-05,9.999999747378752e-05,3.232564267818816e-06,,,,,,,,,,,
2,599,,,,,,,,,,,,,9.999999747378752e-05,9.999999747378752e-05,3.232564267818816e-06,,,,,,,,,,,
2,649,,,,,,,,,,,,,9.999999747378752e-05,9.999999747378752e-05,3.232564267818816e-06,,,,,,,,,,,
2,699,,,,,,,,,,,,,9.999999747378752e-05,9.999999747378752e-05,3.232564267818816e-06,,,,,,,,,,,
2,749,,,,,,,,,,,,,9.999999747378752e-05,9.999999747378752e-05,3.232564267818816e-06,,,,,,,,,,,
2,799,,,,,,,,,,,,,9.999999747378752e-05,9.999999747378752e-05,3.232564267818816e-06,,,,,,,,,,,
2,821,,,,,,,,,,,,,,,,0.9427793025970459,0.9234899282455444,0.3932071924209595,0.17336134612560272,0.5295081734657288,0.9234899282455444,0.3932071924209595,0.17336134612560272,0.5295081734657288,0.9402173757553101,0.9453551769256592
2,821,27.87363052368164,27.109033584594727,27.794708251953125,27.569114685058594,-1.3852641131961718e-06,4.606045246124268,0.009957907721400261,0.030195211991667747,0.5672430396080017,1.7284951210021973,0.26157045364379883,0.793201744556427,,,,,,,,,,,,,,
3,849,,,,,,,,,,,,,9.999999747378752e-05,9.999999747378752e-05,3.232564267818816e-06,,,,,,,,,,,
3,899,,,,,,,,,,,,,9.999999747378752e-05,9.999999747378752e-05,3.232564267818816e-06,,,,,,,,,,,
3,949,,,,,,,,,,,,,9.999999747378752e-05,9.999999747378752e-05,3.232564267818816e-06,,,,,,,,,,,
3,999,,,,,,,,,,,,,9.999999747378752e-05,9.999999747378752e-05,3.232564267818816e-06,,,,,,,,,,,
3,1049,,,,,,,,,,,,,9.999999747378752e-05,9.999999747378752e-05,3.232564267818816e-06,,,,,,,,,,,
3,1095,,,,,,,,,,,,,,,,0.9536784887313843,0.9371721148490906,0.3962351083755493,0.17777645587921143,0.5300546288490295,0.9371721148490906,0.3962351083755493,0.17777645587921143,0.5300546288490295,0.9510869383811951,0.9562841653823853
3,1095,27.91879653930664,27.491788864135742,27.86063003540039,27.74429702758789,-1.2599638239407795e-06,4.415117263793945,0.009421206079423428,0.028668677434325218,0.550080418586731,1.678254246711731,0.24704711139202118,0.7511194348335266,,,,,,,,,,,,,,
4,1099,,,,,,,,,,,,,9.999999747378752e-05,9.999999747378752e-05,3.232564267818816e-06,,,,,,,,,,,
4,1149,,,,,,,,,,,,,9.999999747378752e-05,9.999999747378752e-05,3.232564267818816e-06,,,,,,,,,,,
4,1199,,,,,,,,,,,,,9.999999747378752e-05,9.999999747378752e-05,3.232564267818816e-06,,,,,,,,,,,
4,1249,,,,,,,,,,,,,9.999999747378752e-05,9.999999747378752e-05,3.232564267818816e-06,,,,,,,,,,,
4,1299,,,,,,,,,,,,,9.999999747378752e-05,9.999999747378752e-05,3.232564267818816e-06,,,,,,,,,,,
4,1349,,,,,,,,,,,,,9.999999747378752e-05,9.999999747378752e-05,3.232564267818816e-06,,,,,,,,,,,
4,1369,,,,,,,,,,,,,,,,0.9645776748657227,0.9485281705856323,0.3987259268760681,0.17507608234882355,0.5234972834587097,0.9485281705856323,0.3987259268760681,0.17507608234882355,0.5234972834587097,0.9619565010070801,0.9672130942344666
4,1369,28.04744529724121,27.525320053100586,27.982892990112305,27.85378646850586,-1.2251582575117936e-06,4.336686134338379,0.009200106374919415,0.02807694859802723,0.5417647361755371,1.6575158834457397,0.2408961057662964,0.7346135377883911,,,,,,,,,,,,,,
5,1399,,,,,,,,,,,,,9.999999747378752e-05,9.999999747378752e-05,3.232564267818816e-06,,,,,,,,,,,
5,1449,,,,,,,,,,,,,9.999999747378752e-05,9.999999747378752e-05,3.232564267818816e-06,,,,,,,,,,,
5,1499,,,,,,,,,,,,,9.999999747378752e-05,9.999999747378752e-05,3.232564267818816e-06,,,,,,,,,,,
5,1549,,,,,,,,,,,,,9.999999747378752e-05,9.999999747378752e-05,3.232564267818816e-06,,,,,,,,,,,
5,1599,,,,,,,,,,,,,9.999999747378752e-05,9.999999747378752e-05,3.232564267818816e-06,,,,,,,,,,,
5,1643,,,,,,,,,,,,,,,,0.9645776748657227,0.9511486291885376,0.39880773425102234,0.19893521070480347,0.5273224115371704,0.9511486291885376,0.39880773425102234,0.19893521070480347,0.5273224115371704,0.9619565010070801,0.9672130942344666
5,1643,27.999544143676758,27.530794143676758,27.955520629882812,27.824132919311523,-1.2947695040566032e-06,4.295655250549316,0.008998485282063484,0.02740548737347126,0.5393591523170471,1.6444246768951416,0.23887623846530914,0.7260494232177734,,,,,,,,,,,,,,
6,1649,,,,,,,,,,,,,9.999999747378752e-05,9.999999747378752e-05,3.232564267818816e-06,,,,,,,,,,,
6,1699,,,,,,,,,,,,,9.999999747378752e-05,9.999999747378752e-05,3.232564267818816e-06,,,,,,,,,,,
6,1749,,,,,,,,,,,,,9.999999747378752e-05,9.999999747378752e-05,3.232564267818816e-06,,,,,,,,,,,
6,1799,,,,,,,,,,,,,9.999999747378752e-05,9.999999747378752e-05,3.232564267818816e-06,,,,,,,,,,,
6,1849,,,,,,,,,,,,,9.999999747378752e-05,9.999999747378752e-05,3.232564267818816e-06,,,,,,,,,,,
6,1899,,,,,,,,,,,,,9.999999747378752e-05,9.999999747378752e-05,3.232564267818816e-06,,,,,,,,,,,
6,1917,,,,,,,,,,,,,,,,0.9645776748657227,0.9520470499992371,0.401047945022583,0.18498387932777405,0.5278688669204712,0.9520470499992371,0.401047945022583,0.18498387932777405,0.5278688669204712,0.9619565010070801,0.9672130942344666
6,1917,28.05314826965332,27.777828216552734,28.026687622070312,27.911724090576172,-1.3991864307172364e-06,4.17905855178833,0.008713524788618088,0.026535896584391594,0.5278169512748718,1.6062042713165283,0.2310696393251419,0.7033244967460632,,,,,,,,,,,,,,
7,1949,,,,,,,,,,,,,9.999999747378752e-05,9.999999747378752e-05,3.232564267818816e-06,,,,,,,,,,,
7,1999,,,,,,,,,,,,,9.999999747378752e-05,9.999999747378752e-05,3.232564267818816e-06,,,,,,,,,,,
7,2049,,,,,,,,,,,,,9.999999747378752e-05,9.999999747378752e-05,3.232564267818816e-06,,,,,,,,,,,
7,2099,,,,,,,,,,,,,9.999999747378752e-05,9.999999747378752e-05,3.232564267818816e-06,,,,,,,,,,,
7,2149,,,,,,,,,,,,,9.999999747378752e-05,9.999999747378752e-05,3.232564267818816e-06,,,,,,,,,,,
7,2191,,,,,,,,,,,,,,,,0.9700272679328918,0.9587928056716919,0.39892223477363586,0.18762153387069702,0.5278688669204712,0.9587928056716919,0.39892223477363586,0.18762153387069702,0.5278688669204712,0.967391312122345,0.9726775884628296
7,2191,28.017791748046875,27.817974090576172,27.98015594482422,27.887088775634766,-1.2251582575117936e-06,4.113887786865234,0.00856893789023161,0.026091618463397026,0.5211979746818542,1.5858781337738037,0.22673842310905457,0.6900134086608887,,,,,,,,,,,,,,
8,2199,,,,,,,,,,,,,9.999999747378752e-05,9.999999747378752e-05,3.232564267818816e-06,,,,,,,,,,,
8,2249,,,,,,,,,,,,,9.999999747378752e-05,9.999999747378752e-05,3.232564267818816e-06,,,,,,,,,,,
8,2299,,,,,,,,,,,,,9.999999747378752e-05,9.999999747378752e-05,3.232564267818816e-06,,,,,,,,,,,
8,2349,,,,,,,,,,,,,9.999999747378752e-05,9.999999747378752e-05,3.232564267818816e-06,,,,,,,,,,,
8,2399,,,,,,,,,,,,,9.999999747378752e-05,9.999999747378752e-05,3.232564267818816e-06,,,,,,,,,,,
8,2449,,,,,,,,,,,,,9.999999747378752e-05,9.999999747378752e-05,3.232564267818816e-06,,,,,,,,,,,
8,2465,,,,,,,,,,,,,,,,0.9700272679328918,0.9610772728919983,0.4021958112716675,0.20392048358917236,0.5262295007705688,0.9610772728919983,0.4021958112716675,0.20392048358917236,0.5262295007705688,0.967391312122345,0.9726775884628296
8,2465,28.160812377929688,27.966012954711914,28.15191650390625,28.069570541381836,-1.468797677262046e-06,4.03563117980957,0.00837123766541481,0.02548702247440815,0.5129555463790894,1.5622148513793945,0.221292644739151,0.6742929220199585,,,,,,,,,,,,,,
9,2499,,,,,,,,,,,,,9.999999747378752e-05,9.999999747378752e-05,3.232564267818816e-06,,,,,,,,,,,
9,2549,,,,,,,,,,,,,9.999999747378752e-05,9.999999747378752e-05,3.232564267818816e-06,,,,,,,,,,,
9,2599,,,,,,,,,,,,,9.999999747378752e-05,9.999999747378752e-05,3.232564267818816e-06,,,,,,,,,,,
9,2649,,,,,,,,,,,,,9.999999747378752e-05,9.999999747378752e-05,3.232564267818816e-06,,,,,,,,,,,
9,2699,,,,,,,,,,,,,9.999999747378752e-05,9.999999747378752e-05,3.232564267818816e-06,,,,,,,,,,,
9,2739,,,,,,,,,,,,,,,,0.9700272679328918,0.9632400870323181,0.40544697642326355,0.22001463174819946,0.5327869057655334,0.9632400870323181,0.40544697642326355,0.22001463174819946,0.5327869057655334,0.967391312122345,0.9726775884628296
9,2739,28.112682342529297,27.971715927124023,28.09010124206543,28.04607582092285,-1.3991864307172364e-06,4.008001327514648,0.008251657709479332,0.025170816108584404,0.5089493989944458,1.552394151687622,0.21979103982448578,0.6699820160865784,,,,,,,,,,,,,,
10,2749,,,,,,,,,,,,,9.999999747378752e-05,9.999999747378752e-05,3.232564267818816e-06,,,,,,,,,,,
10,2799,,,,,,,,,,,,,9.999999747378752e-05,9.999999747378752e-05,3.232564267818816e-06,,,,,,,,,,,
10,2849,,,,,,,,,,,,,9.999999747378752e-05,9.999999747378752e-05,3.232564267818816e-06,,,,,,,,,,,
10,2899,,,,,,,,,,,,,9.999999747378752e-05,9.999999747378752e-05,3.232564267818816e-06,,,,,,,,,,,
10,2949,,,,,,,,,,,,,9.999999747378752e-05,9.999999747378752e-05,3.232564267818816e-06,,,,,,,,,,,
10,2999,,,,,,,,,,,,,9.999999747378752e-05,9.999999747378752e-05,3.232564267818816e-06,,,,,,,,,,,
10,3013,,,,,,,,,,,,,,,,0.9700272679328918,0.9638563394546509,0.40234389901161194,0.20864588022232056,0.5322404503822327,0.9638563394546509,0.40234389901161194,0.20864588022232056,0.5322404503822327,0.967391312122345,0.9726775884628296
10,3013,28.0207576751709,27.86063003540039,28.0104923248291,27.892107009887695,-1.371341909361945e-06,3.9492812156677246,0.008022010326385498,0.02448177896440029,0.5043578743934631,1.5390938520431519,0.21527869999408722,0.6563777327537537,,,,,,,,,,,,,,
11,3049,,,,,,,,,,,,,9.999999747378752e-05,9.999999747378752e-05,3.232564267818816e-06,,,,,,,,,,,
11,3099,,,,,,,,,,,,,9.999999747378752e-05,9.999999747378752e-05,3.232564267818816e-06,,,,,,,,,,,
11,3149,,,,,,,,,,,,,9.999999747378752e-05,9.999999747378752e-05,3.232564267818816e-06,,,,,,,,,,,
11,3199,,,,,,,,,,,,,9.999999747378752e-05,9.999999747378752e-05,3.232564267818816e-06,,,,,,,,,,,
11,3249,,,,,,,,,,,,,9.999999747378752e-05,9.999999747378752e-05,3.232564267818816e-06,,,,,,,,,,,
11,3287,,,,,,,,,,,,,,,,0.9700272679328918,0.9615364670753479,0.4077030420303345,0.19769001007080078,0.5371584892272949,0.9615364670753479,0.4077030420303345,0.19769001007080078,0.5371584892272949,0.967391312122345,0.9726775884628296
11,3287,28.150320053100586,27.9981746673584,28.135265350341797,28.055200576782227,-1.1764303735617432e-06,3.8816301822662354,0.007934744469821453,0.024142982438206673,0.49639052152633667,1.5134741067886353,0.2113407850265503,0.6443477272987366,,,,,,,,,,,,,,
12,3299,,,,,,,,,,,,,9.999999747378752e-05,9.999999747378752e-05,3.232564267818816e-06,,,,,,,,,,,
12,3349,,,,,,,,,,,,,9.999999747378752e-05,9.999999747378752e-05,3.232564267818816e-06,,,,,,,,,,,
12,3399,,,,,,,,,,,,,9.999999747378752e-05,9.999999747378752e-05,3.232564267818816e-06,,,,,,,,,,,
12,3449,,,,,,,,,,,,,9.999999747378752e-05,9.999999747378752e-05,3.232564267818816e-06,,,,,,,,,,,
12,3499,,,,,,,,,,,,,9.999999747378752e-05,9.999999747378752e-05,3.232564267818816e-06,,,,,,,,,,,
12,3549,,,,,,,,,,,,,9.999999747378752e-05,9.999999747378752e-05,3.232564267818816e-06,,,,,,,,,,,
12,3561,,,,,,,,,,,,,,,,0.9645776748657227,0.9581037759780884,0.40601903200149536,0.20071350038051605,0.5442622900009155,0.9581037759780884,0.40601903200149536,0.20071350038051605,0.5442622900009155,0.9619565010070801,0.9672130942344666
12,3561,28.04128646850586,27.89872169494629,28.021669387817383,27.93385124206543,-1.3295751841724268e-06,3.8498411178588867,0.007849697954952717,0.023928392678499222,0.49347397685050964,1.5043965578079224,0.20917433500289917,0.6373646855354309,,,,,,,,,,,,,,
13,3599,,,,,,,,,,,,,9.999999747378752e-05,9.999999747378752e-05,3.232564267818816e-06,,,,,,,,,,,
13,3649,,,,,,,,,,,,,9.999999747378752e-05,9.999999747378752e-05,3.232564267818816e-06,,,,,,,,,,,
13,3699,,,,,,,,,,,,,9.999999747378752e-05,9.999999747378752e-05,3.232564267818816e-06,,,,,,,,,,,
13,3749,,,,,,,,,,,,,9.999999747378752e-05,9.999999747378752e-05,3.232564267818816e-06,,,,,,,,,,,
13,3799,,,,,,,,,,,,,9.999999747378752e-05,9.999999747378752e-05,3.232564267818816e-06,,,,,,,,,,,
13,3835,,,,,,,,,,,,,,,,0.9645776748657227,0.9570906758308411,0.4007939100265503,0.21606981754302979,0.5497267842292786,0.9570906758308411,0.4007939100265503,0.21606981754302979,0.5497267842292786,0.9619565010070801,0.9672130942344666
13,3835,28.08006477355957,27.97308349609375,28.06614875793457,27.989734649658203,-1.3156528666513623e-06,3.813292980194092,0.007762848865240812,0.023678883910179138,0.4898836016654968,1.494357705116272,0.2063830941915512,0.6295382380485535,,,,,,,,,,,,,,
14,3849,,,,,,,,,,,,,9.999999747378752e-05,9.999999747378752e-05,3.232564267818816e-06,,,,,,,,,,,
14,3899,,,,,,,,,,,,,9.999999747378752e-05,9.999999747378752e-05,3.232564267818816e-06,,,,,,,,,,,
14,3949,,,,,,,,,,,,,9.999999747378752e-05,9.999999747378752e-05,3.232564267818816e-06,,,,,,,,,,,
14,3999,,,,,,,,,,,,,9.999999747378752e-05,9.999999747378752e-05,3.232564267818816e-06,,,,,,,,,,,
14,4049,,,,,,,,,,,,,9.999999747378752e-05,9.999999747378752e-05,3.232564267818816e-06,,,,,,,,,,,
14,4099,,,,,,,,,,,,,9.999999747378752e-05,9.999999747378752e-05,3.232564267818816e-06,,,,,,,,,,,
14,4109,,,,,,,,,,,,,,,,0.9591280817985535,0.9525327086448669,0.3990803062915802,0.1898062527179718,0.5546448230743408,0.9525327086448669,0.3990803062915802,0.1898062527179718,0.5546448230743408,0.95652174949646,0.9617486596107483
14,4109,28.045164108276367,27.825958251953125,28.03056526184082,27.895301818847656,-1.1764303735617432e-06,3.8503007888793945,0.007815012708306313,0.023950479924678802,0.49237260222435,1.5096969604492188,0.20796899497509003,0.6367336511611938,,,,,,,,,,,,,,
