stem,reason
h1_002_20200706_083031(0)_weak,색 박스 2개가 붙어 하나로 합쳐짐 → 박스 크기·개수 부정확
h1_002_20200904_230034(7)_weak,"T 아이콘(장비 화면 표시, 이물 아님)이 라벨로 들어감"
h1_002_20200904_230038(7)_weak,"T 아이콘(장비 화면 표시, 이물 아님)이 라벨로 들어감"
h1_002_20200904_230042(8)_weak,"T 아이콘(장비 화면 표시, 이물 아님)이 라벨로 들어감"
h1_002_20200904_230047(1)_weak,"T 아이콘(장비 화면 표시, 이물 아님)이 라벨로 들어감"
h1_002_20200904_230050(8)_weak,"T 아이콘(장비 화면 표시, 이물 아님)이 라벨로 들어감"
h1_002_20200904_230054(7)_weak,"T 아이콘(장비 화면 표시, 이물 아님)이 라벨로 들어감"
h2_002_20200630_163108(9)_weak,색 박스 2개가 붙어 하나로 합쳐짐 → 박스 크기·개수 부정확
h2_002_20200706_123258(0)_weak,색 박스 2개가 붙어 하나로 합쳐짐 → 박스 크기·개수 부정확
h2_002_20200707_043659(3)_weak,색 박스 2개가 붙어 하나로 합쳐짐 → 박스 크기·개수 부정확
h2_002_20200707_083250(0)_weak,색 박스 2개가 붙어 하나로 합쳐짐 → 박스 크기·개수 부정확
h2_002_20200714_043033(4)_weak,색 박스 2개가 붙어 하나로 합쳐짐 → 박스 크기·개수 부정확
h2_002_20200723_163045(7)_weak,색 박스 2개가 붙어 하나로 합쳐짐 → 박스 크기·개수 부정확
h2_002_20200916_122659(0)_weak,색 박스 2개가 붙어 하나로 합쳐짐 → 박스 크기·개수 부정확
h2_002_20200917_043110(7)_weak,색 박스 2개가 붙어 하나로 합쳐짐 → 박스 크기·개수 부정확
h2_002_20200921_202248(6)_weak,색 박스 2개가 붙어 하나로 합쳐짐 → 박스 크기·개수 부정확
h3_001_20200629_202825(1)_weak,색 박스 2개가 붙어 하나로 합쳐짐 → 박스 크기·개수 부정확
h3_001_20200707_123640(2)_weak,색 박스 2개가 붙어 하나로 합쳐짐 → 박스 크기·개수 부정확
h3_001_20200714_123240(4)_weak,색 박스 2개가 붙어 하나로 합쳐짐 → 박스 크기·개수 부정확
h3_001_20200714_163100(9)_weak,색 박스 2개가 붙어 하나로 합쳐짐 → 박스 크기·개수 부정확
h3_001_20200714_163104(1)_weak,색 박스 2개가 붙어 하나로 합쳐짐 → 박스 크기·개수 부정확
h3_001_20200714_163107(2)_weak,색 박스 2개가 붙어 하나로 합쳐짐 → 박스 크기·개수 부정확
h3_001_20200714_163110(3)_weak,색 박스 2개가 붙어 하나로 합쳐짐 → 박스 크기·개수 부정확
h3_001_20200714_163113(3)_weak,색 박스 2개가 붙어 하나로 합쳐짐 → 박스 크기·개수 부정확
h3_001_20200715_083527(3)_weak,색 박스 2개가 붙어 하나로 합쳐짐 → 박스 크기·개수 부정확
h3_001_20200901_083442(9)_weak,색 박스 2개가 붙어 하나로 합쳐짐 → 박스 크기·개수 부정확
h3_001_20200905_003918(2)_weak,색 박스 2개가 붙어 하나로 합쳐짐 → 박스 크기·개수 부정확
h3_001_20200905_164122(0)_weak,색 박스 2개가 붙어 하나로 합쳐짐 → 박스 크기·개수 부정확
h3_001_20200914_203344(4)_weak,색 박스 2개가 붙어 하나로 합쳐짐 → 박스 크기·개수 부정확
h3_001_20200915_003740(4)_weak,색 박스 2개가 붙어 하나로 합쳐짐 → 박스 크기·개수 부정확
h3_001_20200917_003438(0)_weak,색 박스 2개가 붙어 하나로 합쳐짐 → 박스 크기·개수 부정확
